date,type,fvg_size_pips,rsi_at_entry,atr_at_entry,momentum_ratio,news_bias,LABEL_WIN
2004-07-21 14:00:00,0,0.7,29.59,1.03,2.46,0,1
2004-07-29 17:00:00,0,0.3,54.29,1.49,2.55,0,1
2004-08-24 16:00:00,1,0.5,34.89,1.3,1.87,0,1
2004-08-20 10:00:00,1,0.3,49.98,0.56,1.29,0,0
2004-08-23 16:00:00,1,1.5,43.04,0.82,8.82,0,0
2004-09-29 17:00:00,1,1.2,61.19,1.06,3.01,0,1
2004-11-09 15:00:00,1,0.4,56.16,0.79,2.36,0,1
2004-11-15 16:00:00,1,0.8,38.04,0.85,3.28,0,1
2004-12-08 08:00:00,1,0.3,19.69,1.04,3.33,0,0
2004-11-30 01:00:00,1,0.1,51.03,1.08,3.62,0,0
2004-12-13 19:00:00,0,0.6,61.53,1.24,1.48,0,1
2004-12-29 14:00:00,1,0.3,17.68,0.59,1.39,0,0
2005-01-10 09:00:00,0,3.7,54.37,0.76,4.36,0,0
2005-01-12 14:00:00,0,0.9,65.28,0.81,1.68,0,0
2005-02-17 17:00:00,1,0.3,64.01,0.96,1.21,0,1
2005-02-24 01:00:00,1,0.4,51.69,1.04,2.43,0,1
2005-03-01 16:00:00,1,1.0,27.34,0.92,6.46,0,0
2005-03-10 11:00:00,1,0.8,43.88,0.77,1.97,0,1
2005-04-20 17:00:00,1,0.7,70.06,1.1,1.22,0,0
2005-06-13 03:00:00,1,2.2,53.98,1.11,5.82,0,1
2005-07-14 15:00:00,0,0.5,50.06,0.62,4.44,0,1
2005-08-17 17:00:00,1,0.3,22.06,1.09,1.84,0,0
2005-08-29 18:00:00,0,0.6,44.1,0.91,1.2,0,1
2005-08-31 14:00:00,0,0.7,45.24,0.69,1.51,0,0
2005-09-22 12:00:00,1,0.7,60.59,1.17,1.64,0,1
2005-09-26 13:00:00,1,0.2,39.23,0.86,1.12,0,1
2005-09-27 16:00:00,1,1.0,37.73,1.16,3.15,0,0
2005-10-31 16:00:00,1,0.5,24.14,1.14,1.38,0,0
2005-10-28 14:00:00,1,0.1,35.69,0.68,1.49,0,0
2005-11-08 15:00:00,0,4.4,74.44,0.83,8.77,0,0
2005-11-15 17:00:00,1,1.3,51.87,0.89,3.04,0,1
2005-11-18 15:00:00,1,0.1,51.87,1.41,1.18,0,1
2005-11-28 17:00:00,1,0.1,63.46,1.91,1.19,0,0
2005-12-14 19:00:00,1,1.2,26.67,2.35,1.68,0,0
2005-12-14 16:00:00,1,0.2,35.87,1.86,1.35,0,1
2005-12-16 14:00:00,0,2.0,59.44,2.58,1.65,0,1
2006-01-11 15:00:00,1,1.0,55.39,1.85,1.27,0,1
2006-01-12 23:00:00,1,0.4,45.24,1.68,1.75,0,1
2006-01-17 18:00:00,1,2.5,57.45,2.61,1.52,0,0
2006-01-18 08:00:00,1,1.2,39.22,2.62,1.03,0,0
2006-01-25 16:00:00,1,2.4,54.78,1.79,1.46,0,1
2006-02-06 18:00:00,1,1.4,48.48,1.39,3.39,0,0
2006-02-17 12:00:00,0,0.2,64.04,1.42,1.22,0,0
2006-03-07 19:00:00,0,1.0,36.23,2.1,2.6,0,1
2006-03-16 16:00:00,1,0.5,39.97,1.7,1.02,0,0
2006-03-17 02:00:00,1,1.5,53.21,2.14,1.71,0,0
2006-04-04 14:00:00,1,1.5,55.62,1.38,1.21,0,0
2006-04-20 16:00:00,1,2.2,28.75,4.84,1.75,0,0
2006-04-27 12:00:00,1,1.4,39.31,2.29,3.44,0,0
2006-04-27 19:00:00,1,3.1,44.52,4.02,1.43,0,1
2006-05-10 14:00:00,1,0.5,50.6,1.81,1.34,0,0
2006-05-17 17:00:00,1,7.5,37.11,6.52,2.23,0,0
2006-06-05 17:00:00,0,0.7,58.26,2.35,1.96,0,1
2006-06-23 18:00:00,0,1.0,52.33,3.29,1.15,0,0
2006-06-29 16:00:00,0,4.0,71.87,1.68,2.33,0,0
2006-07-19 11:00:00,1,2.5,28.5,2.75,1.65,0,0
2006-07-31 16:00:00,1,0.5,43.74,2.65,3.8,0,1
2006-08-02 18:00:00,1,1.3,54.72,2.98,3.01,0,1
2006-08-21 23:00:00,0,3.1,73.66,1.89,3.96,0,1
2006-09-26 02:00:00,0,0.7,61.47,2.8,4.3,0,1
2006-09-22 02:00:00,0,0.4,67.45,2.55,1.22,0,0
2006-10-05 12:00:00,0,3.0,53.38,2.28,1.62,0,0
2006-10-11 16:00:00,0,2.4,65.63,2.02,2.17,0,0
2006-10-11 19:00:00,0,0.7,44.72,2.61,1.14,0,0
2006-10-31 19:00:00,1,1.0,56.57,2.59,1.95,0,1
2006-11-15 12:00:00,1,0.5,29.64,1.33,1.38,0,0
2006-12-06 19:00:00,1,11.3,26.31,2.54,5.89,0,0
2006-12-08 14:00:00,0,0.4,63.29,1.44,1.12,0,0
2007-01-26 12:00:00,1,3.0,32.47,1.29,1.65,-2,1
2007-02-02 15:00:00,1,0.1,31.21,1.93,4.35,0,0
2007-02-08 12:00:00,1,0.5,36.34,0.99,1.39,0,0
2007-02-20 16:00:00,1,1.1,16.96,2.17,4.52,0,0
2007-02-16 08:00:00,1,0.7,41.9,1.2,1.04,1,0
2007-03-12 19:00:00,0,0.4,47.97,2.31,1.31,0,0
2007-04-17 08:00:00,1,1.5,51.07,1.63,1.07,1,0
2007-05-04 14:00:00,0,1.6,80.53,1.1,3.5,1,0
2007-04-30 14:00:00,0,1.0,53.67,1.3,2.01,1,1
2007-05-08 20:00:00,1,0.3,43.06,1.64,1.46,0,0
2007-05-15 14:00:00,0,0.2,55.44,1.55,1.48,1,0
2007-05-31 07:00:00,0,1.1,61.42,0.87,2.33,1,0
2007-07-05 16:00:00,1,1.6,20.24,1.26,2.21,-1,0
2007-07-06 22:00:00,0,2.6,71.57,1.91,5.72,-1,0
2007-07-13 14:00:00,1,0.2,57.11,0.9,1.75,1,1
2007-07-26 14:00:00,1,3.6,20.67,1.63,4.45,2,0
2007-07-25 11:00:00,1,1.6,35.64,1.27,7.13,1,0
2007-08-09 14:00:00,1,0.4,17.56,1.79,2.05,0,0
2007-08-07 15:00:00,1,0.7,40.55,1.1,1.37,0,1
2007-10-01 18:00:00,1,1.1,63.2,2.25,1.62,1,0
2007-10-05 14:00:00,1,5.5,39.19,1.76,2.94,-1,1
2007-11-28 06:00:00,1,0.1,31.07,3.69,5.38,2,0
2007-12-03 17:00:00,0,2.9,48.92,3.26,1.33,-1,0
2007-12-13 16:00:00,1,5.4,22.29,3.19,2.3,-3,0
2008-01-16 16:00:00,1,6.2,34.3,6.34,2.01,-1,0
2008-01-21 09:00:00,1,4.8,40.1,3.24,2.15,0,0
2008-03-10 13:00:00,1,1.2,30.76,3.24,4.35,0,1
2008-03-25 03:00:00,0,3.1,58.3,5.11,2.27,1,0
2008-04-08 02:00:00,0,0.2,62.68,3.84,1.14,1,1
2008-04-18 13:00:00,1,1.6,23.77,3.44,1.02,0,0
2008-04-24 12:00:00,0,1.0,38.44,2.84,2.23,0,1
2008-04-30 14:00:00,0,3.1,47.79,3.12,2.63,-2,0
2008-06-02 17:00:00,0,1.0,65.76,4.24,1.01,-1,1
2008-06-09 14:00:00,1,0.5,52.62,3.04,2.23,-1,0
2008-06-16 14:00:00,0,4.9,72.81,3.68,1.83,-1,0
2008-06-23 14:00:00,1,7.9,21.65,4.05,2.53,0,0
2008-07-16 17:00:00,1,2.7,38.33,4.89,3.51,-1,0
2008-07-17 20:00:00,1,4.0,38.24,6.1,3.29,-1,0
2008-08-27 14:00:00,1,1.4,54.99,3.07,2.23,-1,0
2008-09-17 15:00:00,0,6.5,71.35,5.01,3.81,1,0
2008-09-15 01:00:00,0,1.5,76.29,5.85,3.42,0,0
2008-10-07 11:00:00,0,5.3,74.06,6.17,1.99,0,0
2008-10-09 15:00:00,1,7.6,41.43,6.69,3.56,-1,1
2008-10-24 17:00:00,0,1.7,58.51,10.66,1.36,-1,0
2008-12-02 04:00:00,1,4.6,27.55,6.12,1.03,0,0
2008-12-12 11:00:00,1,0.7,45.58,4.48,1.12,-2,1
2008-12-17 13:00:00,1,2.7,59.19,3.88,1.01,0,1
2009-01-05 09:00:00,1,10.1,40.52,4.7,2.19,0,0
2009-01-08 15:00:00,0,0.4,60.83,5.36,4.39,1,0
2009-01-21 14:00:00,1,4.1,51.59,4.41,3.81,0,0
2009-02-04 18:00:00,1,1.7,49.24,4.64,2.77,-2,1
2009-02-06 15:00:00,1,2.3,50.31,3.99,1.77,0,0
2009-02-24 16:00:00,1,1.0,34.22,5.56,1.21,1,0
2009-03-04 14:00:00,0,1.0,53.95,4.44,3.07,0,1
2009-04-01 14:00:00,0,4.9,68.0,3.04,2.53,-1,1
2009-04-01 18:00:00,0,0.8,57.75,3.99,1.42,-1,1
2009-04-07 05:00:00,0,3.8,48.22,4.08,1.72,0,0
2009-04-09 10:00:00,0,1.2,55.62,2.15,1.02,0,0
2009-04-09 16:00:00,0,0.5,45.98,3.49,3.85,0,0
2009-04-14 01:00:00,0,1.23,62.6,3.4,1.35,3,1
2009-04-17 14:00:00,0,1.2,39.39,2.71,1.71,0,1
2009-04-22 14:00:00,0,1.1,54.07,2.32,1.3,0,0
2009-04-28 02:00:00,1,6.58,26.74,4.1,4.4,-1,1
2009-05-05 17:00:00,1,6.76,52.59,3.6,4.37,-1,0
2009-06-11 19:00:00,0,6.62,57.15,4.61,2.34,-1,1
2009-06-17 17:00:00,0,1.72,52.63,3.14,1.39,1,0
2009-07-07 13:00:00,0,2.23,62.15,2.39,1.77,0,1
2009-07-07 19:00:00,0,2.38,55.22,3.28,1.32,0,1
2009-07-28 17:00:00,1,2.15,19.27,3.27,3.24,1,1
2009-07-23 22:00:00,1,2.05,40.93,2.9,1.87,-2,1
2009-07-23 19:00:00,1,0.26,49.38,2.73,1.56,-2,0
2009-09-04 20:00:00,1,1.31,56.6,3.48,1.08,-2,1
2009-09-14 08:00:00,1,0.53,41.7,3.26,1.07,0,0
2009-09-18 16:00:00,1,1.63,44.65,2.84,1.04,0,0
2009-09-24 16:00:00,1,0.48,32.51,4.25,1.4,2,0
2009-09-29 15:00:00,0,0.53,49.31,2.46,1.1,1,0
2009-10-13 20:00:00,1,1.39,49.88,4.62,1.42,0,0
2009-10-26 17:00:00,1,2.89,28.83,3.33,1.72,0,0
2009-10-20 17:00:00,1,0.24,37.6,3.41,1.04,2,0
2009-10-22 15:00:00,1,1.05,40.6,2.89,3.22,-1,1
2009-11-02 10:00:00,0,3.7,73.58,2.72,2.59,-2,0
2009-11-02 09:00:00,0,1.72,69.04,2.55,1.28,-2,0
2009-11-20 13:00:00,1,2.73,40.05,2.72,1.28,0,1
2009-11-27 06:00:00,1,4.08,33.37,2.99,2.01,0,0
2009-11-27 11:00:00,1,0.06,38.44,7.46,2.26,0,0
2009-11-30 06:00:00,1,11.19,45.1,5.81,1.41,-1,1
2009-12-10 02:00:00,0,13.15,48.76,6.29,2.77,-2,1
2009-12-16 15:00:00,0,7.07,68.16,3.79,4.31,1,1
2009-12-16 08:00:00,0,0.84,51.85,3.05,1.1,1,1
2010-01-04 10:00:00,0,0.19,76.66,3.81,4.69,-1,0
2009-12-23 18:00:00,0,0.35,60.19,3.66,1.26,1,1
2009-12-30 17:00:00,0,2.23,47.08,3.26,1.46,-1,0
2010-02-02 11:00:00,0,0.82,75.24,3.55,1.45,-1,0
2010-02-05 14:00:00,0,5.67,42.32,4.91,2.15,2,1
2010-02-11 03:00:00,0,0.68,58.42,4.68,1.64,1,0
2010-02-23 16:00:00,1,1.78,36.66,4.32,1.23,1,0
2010-02-26 18:00:00,1,2.0,59.0,3.89,2.3,0,1
2010-03-29 07:00:00,0,0.11,66.13,3.45,1.53,0,0
2010-04-12 20:00:00,1,1.49,39.29,3.62,3.08,0,0
2010-04-16 15:00:00,1,0.71,34.29,2.82,1.02,0,0
2010-04-14 15:00:00,1,3.0,46.77,2.63,1.06,0,0
2010-04-16 08:00:00,1,1.22,39.76,2.29,2.82,0,0
2010-04-28 22:00:00,1,0.67,52.11,4.1,2.49,0,1
2010-05-04 16:00:00,1,5.07,36.33,3.87,3.67,-1,0
2010-05-10 01:00:00,1,4.12,50.09,6.7,1.78,0,0
2010-06-03 18:00:00,1,2.47,22.65,3.9,1.91,1,0
2010-06-02 18:00:00,1,0.43,50.5,3.42,2.18,-1,0
2010-06-21 21:00:00,1,1.02,23.83,5.41,1.9,0,1
2010-06-21 18:00:00,1,8.89,31.38,4.61,5.86,0,0
2010-06-28 17:00:00,1,2.3,30.43,4.78,3.05,0,0
2010-07-14 19:00:00,0,1.33,44.11,3.41,1.66,1,0
2010-08-20 14:00:00,1,6.38,37.19,2.06,1.18,0,0
2010-09-03 17:00:00,1,1.06,51.21,2.99,3.42,0,0
2010-09-09 17:00:00,1,7.53,29.1,3.44,7.7,0,0
2010-10-26 03:00:00,0,4.23,57.72,3.49,2.91,-1,1
2010-10-29 13:00:00,0,0.1,65.45,3.24,1.01,1,0
2010-11-03 16:00:00,1,3.7,26.78,5.4,3.26,-2,0
2010-11-09 21:00:00,1,3.33,31.71,7.9,2.81,0,1
2010-11-09 21:00:00,1,4.82,31.71,7.9,2.24,0,1
2010-11-09 14:00:00,1,4.82,61.72,4.29,1.79,0,0
2010-11-10 01:00:00,1,2.6,43.41,7.74,1.28,0,0
2010-11-26 12:00:00,1,10.45,23.31,2.67,4.09,0,0
2011-01-04 15:00:00,1,1.36,17.43,4.27,1.67,0,0
2010-12-30 16:00:00,1,1.8,39.04,2.5,2.59,0,1
2011-02-11 18:00:00,1,5.07,40.63,3.9,1.76,0,1
2011-03-14 07:00:00,0,0.84,57.21,5.05,1.1,0,0
2011-03-30 18:00:00,0,4.35,56.22,4.35,1.18,1,0
2011-05-05 17:00:00,1,0.65,28.15,7.97,5.22,-1,0
2011-05-18 16:00:00,0,0.15,60.77,4.1,1.49,0,0
2011-06-10 15:00:00,1,2.55,25.46,2.85,1.3,0,0
2011-06-06 20:00:00,1,1.2,51.77,3.67,3.31,0,0
2011-06-23 04:00:00,1,1.71,45.18,3.72,1.63,-2,0
2011-07-18 08:00:00,1,1.56,68.27,9.81,6.06,1,1
2011-08-01 20:00:00,1,2.94,52.25,4.69,2.42,1,1
2011-08-09 14:00:00,1,2.32,61.81,13.32,1.08,0,0
2011-08-18 02:00:00,1,3.27,51.69,5.17,1.81,0,1
2011-08-24 17:00:00,1,0.13,21.54,12.59,1.03,-1,0
2011-08-23 15:00:00,1,8.66,43.15,9.64,2.17,1,0
2011-09-19 01:00:00,0,3.17,69.21,10.81,1.06,0,0
2011-11-08 13:00:00,1,2.58,56.23,3.85,1.4,0,0
2011-11-09 01:00:00,1,0.24,51.26,7.06,1.2,0,0
2011-11-18 16:00:00,0,3.89,36.42,6.77,1.26,0,1
2011-12-08 16:00:00,1,8.67,31.18,6.49,2.84,1,0
2011-12-13 12:00:00,0,2.9,45.82,5.1,1.8,2,0
2011-12-19 15:00:00,0,0.99,63.94,6.53,1.45,0,1
2012-01-03 06:00:00,0,3.12,70.59,6.36,3.21,-1,0
2012-01-03 02:00:00,0,7.15,61.23,6.88,1.03,-1,0
2012-01-13 12:00:00,1,2.11,43.4,4.32,1.15,0,0
2012-01-18 03:00:00,1,6.66,39.27,4.91,4.37,0,1
2012-01-25 16:00:00,1,2.61,23.29,3.82,2.91,1,1
2012-02-03 16:00:00,1,5.73,24.9,4.9,1.12,-1,0
2012-02-09 20:00:00,1,3.36,43.82,6.99,3.34,1,0
2012-03-26 15:00:00,0,2.19,70.58,4.83,1.01,1,0
2012-03-16 17:00:00,0,1.21,51.51,6.1,1.42,1,1
2012-03-26 15:00:00,0,0.47,70.58,4.83,1.19,1,0
2012-03-29 15:00:00,0,2.43,46.3,3.52,1.96,-1,1
2012-03-29 20:00:00,0,2.55,40.73,5.48,1.77,-1,0
2012-04-16 07:00:00,1,12.87,25.26,4.56,2.75,-1,0
2012-04-13 20:00:00,1,11.53,29.83,5.19,6.24,1,0
2012-04-13 23:00:00,1,0.11,34.88,5.42,2.03,1,0
2012-04-25 14:00:00,0,0.58,55.32,2.13,2.99,1,1
2012-05-22 12:00:00,1,4.52,27.28,3.35,1.01,0,1
2012-05-23 21:00:00,0,8.04,50.73,8.3,4.16,-1,0
2012-06-01 15:00:00,0,16.29,68.4,7.11,4.52,1,0
2012-06-01 15:00:00,0,0.49,68.4,7.11,1.56,1,0
2012-06-06 21:00:00,1,6.93,37.26,5.94,2.3,0,0
2012-06-08 13:00:00,1,2.07,38.04,6.95,1.2,1,1
2012-06-12 15:00:00,0,4.07,60.63,4.31,1.38,0,0
2012-06-13 19:00:00,1,3.76,56.07,5.17,2.43,3,1
2012-07-13 16:00:00,0,4.64,76.6,4.51,1.25,0,1
2012-07-17 13:00:00,1,0.12,54.41,2.88,1.32,-1,0
2012-08-10 10:00:00,1,1.98,35.96,2.28,3.28,0,1
2012-08-15 15:00:00,0,0.75,46.79,3.66,5.11,2,0
2012-09-10 16:00:00,1,0.03,55.14,2.9,7.28,0,0
2012-09-25 12:00:00,1,1.48,48.25,2.79,1.04,-1,1
2012-09-27 15:00:00,0,3.32,62.67,3.5,1.39,3,0
2012-10-26 16:00:00,0,4.01,60.87,3.75,1.52,-1,0
2012-10-30 10:00:00,0,1.71,56.13,2.62,1.11,0,1
2012-11-13 19:00:00,1,0.31,48.25,3.98,1.43,0,0
2012-11-16 15:00:00,0,3.0,43.71,2.79,1.31,0,0
2012-12-12 04:00:00,0,0.55,56.81,2.52,1.1,0,0
2012-12-17 15:00:00,0,1.7,59.04,2.99,1.26,0,0
2012-12-27 15:00:00,0,0.98,43.7,2.35,1.35,3,1
2012-12-28 19:00:00,0,0.91,40.72,2.71,1.75,-1,0
2013-01-11 16:00:00,1,0.63,34.49,4.16,4.45,1,0
2013-01-24 02:00:00,1,10.29,21.5,2.76,1.38,1,0
2013-01-22 22:00:00,1,0.3,45.95,2.9,1.47,1,0
2013-02-07 16:00:00,1,0.92,30.38,3.43,2.06,-1,1
2013-02-07 16:00:00,1,1.26,30.38,3.43,2.67,-1,0
2013-03-06 03:00:00,0,3.27,51.75,3.46,2.52,-1,1
2013-03-06 20:00:00,0,0.97,50.05,4.45,1.19,-1,0
2013-03-18 03:00:00,1,8.01,55.91,4.62,3.96,0,1
2013-03-20 20:00:00,1,4.16,42.45,3.09,2.88,0,1
2013-03-28 16:00:00,1,1.79,30.18,2.49,2.51,-1,0
2013-04-05 15:00:00,0,0.73,73.94,4.09,1.44,1,1
2013-04-30 11:00:00,1,2.56,50.02,5.01,2.29,-1,0
2013-05-09 21:00:00,1,7.85,33.33,5.16,1.64,1,0
2013-05-22 17:00:00,0,12.59,42.0,9.46,2.43,1,1
2013-05-28 18:00:00,0,6.08,54.24,5.85,3.01,-1,0
2013-05-31 16:00:00,1,4.07,31.93,5.32,2.29,0,0
2013-06-04 14:00:00,1,5.0,34.94,3.52,4.47,-1,0
2013-07-01 21:00:00,0,0.8,64.1,6.96,1.18,-1,0
2013-07-11 01:00:00,1,10.8,79.65,8.35,1.09,-1,1
2013-07-17 18:00:00,1,0.79,29.75,6.01,2.07,1,1
2013-08-08 17:00:00,0,8.55,74.68,4.86,3.1,1,0
2013-08-15 15:00:00,1,2.23,31.05,5.24,2.15,2,1
2013-08-21 12:00:00,1,0.93,41.84,3.46,1.07,-1,1
2013-09-02 01:00:00,1,17.87,23.98,5.3,6.72,0,1
2013-09-02 04:00:00,1,2.69,41.44,5.79,1.09,0,0
2013-09-24 21:00:00,0,1.04,53.25,5.82,3.26,1,0
2013-10-08 20:00:00,1,4.36,52.8,4.14,1.69,0,0
2013-10-29 09:00:00,1,0.32,37.19,3.77,2.15,3,1
2013-11-21 19:00:00,0,4.64,39.17,3.91,2.3,2,1
2013-12-12 16:00:00,1,0.63,20.66,4.75,1.06,-3,0
2014-01-02 09:00:00,0,5.63,70.92,7.03,2.13,-2,0
2013-12-23 14:00:00,0,1.47,49.12,3.54,2.36,0,0
2013-12-31 17:00:00,0,1.37,58.74,5.58,1.47,-1,0
2014-01-06 07:00:00,1,5.91,60.73,3.82,1.38,1,0
2014-01-15 18:00:00,1,1.07,44.09,2.98,1.47,1,1
2014-01-21 14:00:00,1,5.0,29.32,2.5,2.65,0,0
2014-01-30 12:00:00,1,1.44,39.0,2.98,1.89,1,0
2014-02-03 14:00:00,0,6.3,55.75,2.45,1.56,1,0
2014-02-25 03:00:00,1,1.48,54.9,3.27,1.09,1,1
2014-02-26 20:00:00,1,0.6,37.02,4.1,1.05,-1,0
2014-02-28 11:00:00,1,0.59,40.15,2.54,2.77,1,1
2014-03-19 10:00:00,1,8.58,29.86,2.76,2.42,0,0
2014-03-18 14:00:00,1,1.02,26.45,3.72,1.43,0,0
2014-03-14 06:00:00,1,0.65,51.31,3.43,1.42,2,1
2014-04-11 16:00:00,1,1.27,51.49,3.12,2.93,-2,1
2014-04-15 04:00:00,1,0.79,41.42,2.78,1.19,-1,0
2014-04-23 13:00:00,0,3.77,56.79,2.14,3.28,1,1
2014-04-28 20:00:00,1,0.74,47.9,2.98,1.15,-1,0
2014-05-07 19:00:00,1,7.36,17.99,3.8,3.36,0,0
2014-05-12 04:00:00,0,4.29,48.2,3.63,1.84,0,0
2014-06-18 13:00:00,1,0.5,55.62,1.78,1.01,0,1
2014-07-03 15:00:00,1,0.01,25.8,2.9,2.33,-1,1
2014-07-21 17:00:00,0,0.94,50.88,2.53,1.36,0,1
2014-08-08 15:00:00,1,3.77,42.94,3.34,1.18,0,0
2014-08-22 17:00:00,0,1.21,38.85,2.12,1.71,0,1
2014-08-27 13:00:00,0,2.5,55.39,1.77,1.54,0,0
2014-09-23 13:00:00,0,2.7,76.61,3.48,5.64,0,1
2014-10-23 14:00:00,1,3.49,29.3,2.31,1.8,-1,0
2014-12-15 22:00:00,1,3.13,21.98,5.79,1.95,0,0
2014-12-16 14:00:00,0,1.98,64.6,5.14,1.58,1,1
2014-12-18 12:00:00,0,0.98,70.38,4.37,1.84,2,1
2014-12-24 15:00:00,0,0.82,39.74,2.03,1.28,1,1
2014-12-31 17:00:00,1,1.26,26.7,3.14,6.97,-1,0
2015-02-13 15:00:00,0,0.92,56.27,2.66,1.35,1,0
2015-02-19 11:00:00,0,2.17,62.41,3.47,3.71,2,1
2015-02-26 11:00:00,0,1.79,78.1,2.39,2.99,-1,1
2015-02-20 17:00:00,0,1.04,45.64,3.49,2.19,0,0
2015-03-02 21:00:00,1,0.17,33.28,3.58,1.4,1,0
2015-03-18 20:00:00,0,1.66,72.25,4.38,1.27,0,0
2015-03-25 11:00:00,1,2.01,54.06,2.38,1.93,1,1
2015-04-08 19:00:00,1,0.96,31.92,2.77,5.8,0,1
2015-04-07 14:00:00,1,0.01,43.61,2.11,1.21,0,0
2015-04-10 11:00:00,0,2.03,63.73,2.25,1.7,0,0
2015-04-16 03:00:00,0,0.59,73.61,2.87,1.33,-1,1
2015-04-20 11:00:00,1,0.85,50.84,2.13,2.38,0,0
2015-05-06 15:00:00,0,2.57,58.08,2.68,2.72,0,0
2015-05-27 16:00:00,0,1.96,37.23,2.25,2.27,0,0
2015-06-01 19:00:00,0,4.58,50.08,3.97,1.82,-1,0
2015-06-08 04:00:00,0,0.28,52.92,3.54,1.1,0,1
2015-06-12 19:00:00,0,0.11,46.27,2.38,1.51,-2,0
2015-06-16 19:00:00,1,0.77,45.43,2.72,1.11,-1,0
2015-06-18 01:00:00,0,0.18,59.88,3.07,2.15,3,0
2015-08-06 16:00:00,0,1.66,64.03,1.75,2.06,1,0
2015-08-07 12:00:00,0,0.27,56.26,2.12,1.71,1,0
2015-08-28 16:00:00,0,0.09,64.63,3.84,1.79,0,0
2015-09-04 15:00:00,0,1.06,33.19,2.16,1.6,1,1
2015-10-28 20:00:00,1,1.98,27.58,4.82,2.01,0,1
2015-10-28 07:00:00,0,11.6,69.05,1.68,3.75,0,0
2015-11-16 12:00:00,0,2.54,59.78,2.93,1.05,0,1
2015-12-01 04:00:00,0,1.04,75.01,3.16,2.09,1,1
2015-12-09 20:00:00,1,0.38,46.39,4.34,1.3,0,0
2015-12-14 10:00:00,1,2.37,36.77,2.62,3.11,0,1
2015-12-22 22:00:00,1,1.34,36.26,2.37,3.06,-1,0
2016-01-07 10:00:00,1,0.51,60.13,3.01,1.51,-1,1
2016-02-02 18:00:00,1,1.28,46.98,2.2,1.25,0,0
2016-02-12 15:00:00,1,1.97,51.57,5.42,1.16,-1,0
2016-02-19 15:00:00,1,5.9,61.92,4.33,1.78,-3,0
2016-02-25 01:00:00,1,1.34,41.43,6.7,1.27,-2,1
2016-02-25 16:00:00,1,3.65,52.75,5.43,1.32,-2,1
2016-02-26 20:00:00,1,0.12,37.98,5.42,1.47,-1,1
2016-03-11 22:00:00,1,4.98,31.95,5.16,3.55,0,0
2016-03-16 21:00:00,0,2.13,81.1,5.25,1.18,0,0
2016-04-12 16:00:00,1,1.77,47.69,3.38,1.02,0,0
2016-04-26 16:00:00,0,2.02,61.11,3.46,1.05,2,0
2016-05-12 16:00:00,0,0.21,62.75,3.6,1.6,-1,0
2016-06-03 15:00:00,0,0.37,85.61,3.5,2.15,3,0
2016-05-27 08:00:00,0,0.16,46.27,3.02,2.97,0,1
2016-06-01 10:00:00,0,1.64,57.27,2.44,1.27,-1,1
2016-06-24 06:00:00,0,5.22,86.88,13.02,1.83,1,0
2016-08-02 07:00:00,1,0.31,49.29,2.36,1.2,0,1
2016-08-08 15:00:00,0,1.63,41.92,2.8,1.23,0,1
2016-08-11 13:00:00,1,1.12,53.32,2.53,1.39,1,1
2016-09-21 15:00:00,0,1.06,76.01,3.64,2.04,1,1
2016-09-29 03:00:00,0,0.21,47.87,2.52,1.44,0,1
2016-10-19 12:00:00,0,4.48,74.96,1.93,3.44,0,0
2016-10-26 17:00:00,1,0.09,39.85,2.37,2.3,1,0
2016-11-04 14:00:00,1,0.42,59.46,3.13,1.63,0,1
2016-11-09 19:00:00,1,1.7,39.02,12.77,2.78,-1,1
2016-12-01 21:00:00,0,0.65,50.21,4.8,1.45,-2,0
2016-12-02 15:00:00,0,3.06,41.51,2.91,1.1,1,0
2016-12-09 15:00:00,0,3.08,44.19,3.04,2.56,-1,1
2016-12-16 21:00:00,0,0.26,50.42,3.7,2.0,1,0
2016-12-23 17:00:00,0,1.74,66.32,1.61,1.77,0,1
2016-12-27 12:00:00,0,0.16,73.77,3.05,1.29,-1,0
2016-12-28 21:00:00,0,0.73,58.72,2.16,1.35,0,0
2016-12-30 23:00:00,1,2.04,40.62,2.91,1.67,0,1
2017-01-10 19:00:00,1,2.31,51.4,3.4,1.68,0,0
2017-01-31 14:00:00,0,3.09,66.48,2.73,4.04,1,0
2017-02-01 15:00:00,1,1.59,44.74,2.3,1.05,-3,0
2017-02-08 02:00:00,1,0.16,51.26,2.48,1.52,-1,1
2017-02-09 17:00:00,1,2.24,37.27,2.88,1.97,1,0
2017-02-13 07:00:00,1,0.84,47.56,2.78,1.64,0,0
2017-02-17 23:00:00,1,3.15,36.58,2.57,1.22,0,0
2017-02-17 18:00:00,1,1.54,48.55,2.31,1.98,0,0
2017-03-03 20:00:00,0,0.5,44.73,3.34,1.17,-1,0
2017-04-24 03:00:00,1,1.04,35.45,3.83,3.98,0,0
2017-07-12 15:00:00,0,1.62,72.17,2.44,3.22,1,0
2017-07-20 17:00:00,1,0.67,64.64,2.64,1.83,1,1
2017-07-24 19:00:00,1,0.2,54.65,2.25,1.01,0,0
2017-07-27 21:00:00,1,0.16,56.25,2.93,1.3,0,1
2017-08-02 02:00:00,1,2.12,44.02,2.81,2.26,0,0
2017-08-08 02:00:00,0,0.13,43.92,1.7,1.17,0,0
2017-08-30 01:00:00,1,1.2,46.88,3.85,1.1,-1,0
2017-10-17 15:00:00,1,0.03,20.34,2.25,3.36,0,0
2017-10-26 16:00:00,0,1.34,40.42,2.47,1.59,1,1
2017-11-06 17:00:00,0,6.81,56.02,1.94,4.76,0,0
2017-11-14 20:00:00,0,7.08,65.72,3.02,5.5,-1,0
2017-11-16 06:00:00,1,4.36,38.46,2.16,2.02,-1,1
2017-12-08 15:00:00,0,0.18,40.68,1.8,1.67,0,0
2017-12-19 18:00:00,1,0.02,45.14,1.61,3.24,-1,1
2018-01-04 18:00:00,1,0.3,67.88,2.78,2.54,-1,0
2018-02-20 18:00:00,1,9.78,27.08,3.28,5.58,0,0
2018-02-21 21:00:00,0,3.48,37.34,3.41,1.67,0,1
2018-03-07 18:00:00,1,1.36,33.64,2.76,1.02,0,1
2018-03-21 15:00:00,0,1.49,70.08,2.16,1.12,1,0
2018-04-09 15:00:00,0,0.77,58.91,2.16,1.5,0,0
2018-04-12 22:00:00,1,0.67,24.95,3.67,1.53,0,1
2018-04-17 15:00:00,1,3.97,34.16,2.86,2.08,-1,1
2018-05-08 19:00:00,0,0.39,55.86,2.84,1.72,0,0
2018-05-11 21:00:00,1,1.19,46.2,2.12,1.19,0,0
2018-05-17 05:00:00,0,0.94,49.72,2.28,1.84,0,1
2018-05-29 15:00:00,1,4.29,44.96,2.97,3.41,1,0
2018-06-11 09:00:00,1,0.79,42.57,1.24,1.05,0,1
2018-06-12 15:00:00,1,0.96,37.26,1.92,2.39,-1,0
2018-06-21 18:00:00,0,0.03,49.74,2.28,1.38,0,0
2018-07-03 15:00:00,0,0.32,66.55,2.32,1.31,0,0
2018-07-25 12:00:00,0,0.2,65.11,1.94,2.37,1,0
2018-07-25 20:00:00,0,1.22,62.21,2.61,1.47,1,0
2018-08-09 12:00:00,0,0.52,54.29,1.83,1.7,1,0
2018-08-21 23:00:00,0,1.74,63.88,2.39,1.97,0,0
2018-10-08 15:00:00,1,5.75,19.27,2.47,3.12,0,0
2018-10-05 15:00:00,1,1.8,69.82,1.92,2.11,2,1
2018-10-11 12:00:00,0,4.72,81.33,2.28,2.38,3,0
2018-10-16 12:00:00,1,0.71,57.19,1.78,2.0,0,1
2018-10-19 10:00:00,1,1.83,53.18,1.86,2.74,0,0
2018-10-31 18:00:00,0,0.28,39.97,2.76,2.47,0,1
2018-11-16 18:00:00,0,0.51,65.36,2.35,2.44,0,0
2018-12-14 18:00:00,1,0.34,50.11,1.91,1.26,-1,1
2019-01-02 16:00:00,1,1.53,51.47,2.64,2.16,0,1
2019-01-08 04:00:00,1,3.26,36.02,2.16,1.07,0,0
2019-01-18 15:00:00,1,2.7,28.42,1.98,4.36,0,0
2019-01-15 15:00:00,1,0.9,58.15,1.85,1.59,1,1
2019-01-22 09:00:00,0,3.04,53.42,1.49,1.92,0,0
2019-02-11 19:00:00,1,1.12,42.3,2.13,1.23,0,1
2019-02-13 13:00:00,1,0.15,47.72,1.34,1.22,0,0
2019-02-13 19:00:00,1,1.33,50.18,2.28,1.61,0,0
2019-02-18 10:00:00,1,1.54,62.21,1.93,2.97,0,1
2019-02-21 21:00:00,1,2.13,31.75,3.1,3.36,1,0
2019-03-13 02:00:00,0,3.38,73.06,2.18,1.93,2,0
2019-04-04 21:00:00,0,0.3,56.79,2.54,1.34,0,0
2019-04-11 15:00:00,1,0.19,20.76,1.86,1.95,-1,0
2019-04-25 16:00:00,0,0.31,70.79,2.03,1.67,-1,0
2019-05-17 17:00:00,1,0.28,19.41,2.35,5.43,0,1
2019-05-08 18:00:00,1,0.6,36.15,2.23,2.8,0,1
2019-05-08 17:00:00,1,0.22,40.42,2.13,1.27,0,0
2019-05-15 17:00:00,1,0.97,47.84,2.18,2.63,2,0
2019-06-03 18:00:00,1,0.54,75.14,2.59,1.28,1,1
2019-08-02 18:00:00,1,0.28,66.92,4.8,1.94,-2,1
2019-08-28 05:00:00,1,2.35,46.79,4.51,2.79,1,1
2019-09-05 15:00:00,1,3.31,38.63,4.36,2.56,0,0
2019-09-12 14:00:00,0,5.61,74.91,4.11,3.72,0,0
2019-09-20 20:00:00,0,8.76,66.21,3.55,7.25,0,0
2019-09-25 17:00:00,1,1.29,31.39,3.77,2.07,-1,0
2019-10-29 12:00:00,1,0.66,28.35,2.25,1.61,1,1
2019-11-14 10:00:00,0,2.75,67.01,2.43,1.51,-1,0
2019-11-08 20:00:00,0,0.59,39.64,4.05,1.18,0,1
2019-12-02 01:00:00,0,0.94,60.48,2.47,1.04,1,0
2019-12-27 13:00:00,1,0.42,55.73,2.18,1.38,0,1
2020-01-13 03:00:00,1,3.28,53.01,3.59,2.86,0,0
2020-01-13 16:00:00,1,0.65,43.79,3.04,1.07,0,0
2020-02-04 15:00:00,1,1.72,25.25,3.61,2.51,0,0
2020-02-05 18:00:00,0,0.14,50.45,4.46,3.98,-2,1
2020-05-15 17:00:00,1,1.37,66.72,5.49,2.11,2,1
2020-06-15 10:00:00,1,1.55,33.53,4.31,5.64,0,1
2020-06-11 18:00:00,1,3.31,56.12,6.24,1.26,0,0
2020-06-24 15:00:00,1,3.07,48.5,4.74,1.45,0,0
2020-07-01 18:00:00,1,9.05,32.6,5.6,1.39,1,1
2020-07-23 21:00:00,1,3.21,63.59,8.1,1.49,0,1
2020-08-26 18:00:00,0,2.98,63.55,8.79,3.05,0,0
2020-09-03 19:00:00,0,1.53,37.34,9.0,1.1,1,0
2020-09-08 19:00:00,0,3.95,64.0,8.47,1.85,0,0
2020-09-21 12:00:00,1,8.77,24.83,4.88,1.39,0,0
2020-09-17 05:00:00,1,0.24,30.71,7.17,3.25,0,0
2020-10-09 06:00:00,0,5.04,70.77,5.02,3.17,0,0
2020-10-08 20:00:00,0,4.13,52.3,5.66,1.62,0,0
2020-10-27 04:00:00,0,1.68,62.66,3.85,3.98,0,1
2020-10-27 16:00:00,0,1.58,54.03,3.48,2.52,0,0
2020-10-30 10:00:00,0,1.5,43.35,4.63,1.04,0,0
2020-11-04 03:00:00,1,0.83,50.88,7.26,1.71,1,0
2020-11-09 15:00:00,1,1.97,17.04,11.27,1.84,0,0
2020-11-20 19:00:00,0,0.43,59.19,4.47,1.21,0,1
2020-12-03 20:00:00,1,0.81,57.67,6.68,1.01,0,0
2020-12-28 17:00:00,1,9.17,48.45,7.59,1.25,0,1
2021-01-19 16:00:00,0,2.21,46.04,4.66,1.48,0,1
2021-01-22 12:00:00,1,5.18,30.87,4.1,1.66,0,0
2021-01-29 11:00:00,0,2.86,59.36,4.5,2.68,0,0
2021-02-11 18:00:00,1,2.27,32.29,4.47,1.14,0,0
2021-04-01 23:00:00,0,0.08,71.9,4.45,1.16,0,1
2021-03-31 19:00:00,0,0.57,73.76,5.59,1.28,1,0
2021-05-26 16:00:00,1,0.89,49.39,4.86,2.25,0,0
2021-06-03 09:00:00,1,1.72,34.72,2.41,2.53,-1,0
2021-06-15 18:00:00,0,2.19,32.76,4.44,1.18,1,1
2021-06-16 07:00:00,0,0.84,49.47,3.52,1.19,0,0
2021-06-22 13:00:00,0,3.04,53.93,3.97,1.37,0,1
2021-06-23 19:00:00,0,1.88,50.41,4.68,1.01,0,1
2021-07-02 03:00:00,0,0.81,58.5,4.14,1.64,-2,0
2021-07-19 18:00:00,1,0.6,45.62,5.26,3.02,0,1
2021-07-26 04:00:00,0,1.25,57.42,4.71,2.05,0,0
2021-08-05 16:00:00,1,1.68,36.02,3.83,1.8,0,0
2021-08-19 06:00:00,1,1.2,37.97,4.32,3.87,0,1
2021-09-07 17:00:00,1,3.85,15.72,4.61,3.54,0,0
2021-09-09 20:00:00,0,0.73,57.16,4.49,1.64,0,0
2021-09-24 18:00:00,0,4.03,47.92,4.06,2.59,0,1
2021-09-30 16:00:00,0,0.56,62.53,4.59,1.43,0,0
2021-10-06 04:00:00,1,3.73,46.01,3.66,1.07,-1,0
2021-10-15 15:00:00,1,8.57,16.66,4.07,4.88,-2,0
2021-11-04 14:00:00,0,7.31,72.34,3.87,5.38,0,0
2021-12-01 07:00:00,0,7.61,58.08,7.12,4.37,0,1
2021-12-03 15:00:00,0,0.57,46.29,4.21,3.6,2,1
2021-12-21 17:00:00,1,3.18,34.6,3.7,2.1,0,1
2021-12-21 16:00:00,1,1.97,43.79,3.27,1.73,0,0
2021-12-27 19:00:00,1,0.63,51.32,2.8,2.26,0,0
2022-01-06 11:00:00,1,2.68,21.61,4.18,2.18,1,1
2021-12-30 15:00:00,1,0.54,51.28,2.8,1.33,0,1
2022-01-06 07:00:00,1,0.29,29.88,3.89,1.87,1,0
2022-01-18 15:00:00,1,2.76,55.12,4.28,1.44,0,1
2022-01-14 11:00:00,1,0.28,50.6,2.39,1.29,2,0
2022-02-10 18:00:00,1,1.33,74.63,4.21,1.44,-3,0
2022-02-11 18:00:00,1,0.25,65.09,3.9,1.7,0,1
2022-02-25 01:00:00,1,5.95,41.74,17.38,1.0,0,1
2022-03-07 14:00:00,1,0.26,56.08,9.89,1.65,0,0
2022-04-05 17:00:00,0,3.5,49.91,5.9,1.29,1,1
2022-04-06 12:00:00,0,1.69,56.96,4.57,3.0,0,0
2022-04-28 22:00:00,0,5.24,61.15,6.62,2.03,1,0
2022-06-02 16:00:00,0,1.68,79.14,3.86,1.17,1,0
2022-05-31 03:00:00,1,4.74,31.81,3.53,1.55,0,0
2022-06-16 15:00:00,0,5.9,52.7,5.61,1.79,0,0
2022-07-29 15:00:00,1,5.22,53.96,4.24,1.43,-1,1
2022-08-19 18:00:00,0,0.3,36.71,4.06,1.41,0,1
2022-08-24 15:00:00,0,3.08,50.78,3.28,1.35,0,0
2022-08-26 17:00:00,0,2.15,33.29,4.89,1.02,1,1
2022-09-09 09:00:00,0,2.29,64.53,3.11,3.6,0,0
2022-09-13 15:00:00,1,3.62,27.14,4.98,2.26,-3,0
2022-09-21 21:00:00,0,9.03,71.23,6.65,4.39,0,1
2022-09-28 16:00:00,0,7.81,68.84,7.38,1.55,0,0
2022-10-11 09:00:00,0,0.09,32.76,3.61,1.12,0,0
2022-10-17 15:00:00,0,2.89,65.6,4.45,1.8,1,1
2022-11-02 04:00:00,0,3.27,61.84,4.16,1.66,-1,0
2022-11-02 20:00:00,0,3.01,49.62,5.08,1.8,-1,1
2022-11-04 06:00:00,0,6.53,69.09,4.21,3.06,-3,0
2022-11-08 06:00:00,1,1.13,43.71,2.97,1.83,0,0
2022-11-17 15:00:00,1,0.45,30.73,4.51,1.39,1,0
2022-11-17 11:00:00,1,1.26,39.14,3.37,1.04,1,0
2022-11-23 21:00:00,0,3.19,66.9,5.97,1.04,1,0
2022-12-15 10:00:00,1,0.43,23.51,6.08,1.69,3,1
2022-12-28 02:00:00,1,8.63,52.65,5.96,5.62,0,0
2023-01-06 11:00:00,1,2.1,42.26,3.11,1.04,2,1
2023-01-18 04:00:00,1,6.52,39.79,4.71,2.49,3,1
2023-02-27 09:00:00,0,1.46,40.9,2.97,1.49,0,0
2023-03-10 16:00:00,0,1.64,81.71,5.67,1.14,-1,0
2023-03-08 20:00:00,0,1.21,39.41,3.56,1.5,-2,0
2023-03-29 14:00:00,1,1.11,51.69,3.7,1.46,0,0
2023-03-31 20:00:00,1,2.33,36.17,6.08,1.06,1,0
2023-04-14 15:00:00,1,1.17,36.1,5.65,1.7,1,0
2023-04-27 05:00:00,0,5.01,58.02,5.54,1.33,2,0
2023-05-02 13:00:00,0,11.85,57.73,3.17,1.02,1,0
2023-05-05 15:00:00,1,0.14,23.76,5.8,1.73,-1,0
2023-05-09 16:00:00,1,2.14,59.81,3.76,2.1,0,1
2023-06-01 17:00:00,0,5.59,69.67,4.9,1.07,1,0
2023-05-30 11:00:00,0,0.32,53.15,3.53,2.74,-1,0
2023-05-31 11:00:00,0,0.26,49.64,3.4,1.27,-1,0
2023-06-08 15:00:00,0,8.85,64.0,3.45,2.83,-1,0
2023-06-13 18:00:00,0,0.57,28.21,5.65,2.61,2,1
2023-06-26 10:00:00,0,1.87,59.33,3.13,1.82,0,1
2023-07-03 16:00:00,0,5.2,67.75,4.03,1.65,1,0
2023-06-29 11:00:00,0,3.74,41.03,2.93,1.45,0,0
2023-07-03 15:00:00,0,0.45,63.07,3.62,1.0,1,0
2023-07-25 14:00:00,1,5.87,49.92,3.22,2.18,-1,1
2023-07-27 15:00:00,1,0.13,35.1,4.94,1.23,0,0
2023-08-16 16:00:00,0,1.46,49.06,2.72,1.1,0,1
2023-08-24 21:00:00,1,3.16,51.14,3.18,1.95,1,0
2023-08-28 20:00:00,1,0.28,59.42,3.18,3.32,0,1
2023-09-06 17:00:00,1,10.72,33.73,3.39,7.16,-1,1
2023-09-15 16:00:00,0,1.5,73.11,2.97,1.17,0,0
2023-09-21 03:00:00,1,1.61,36.05,4.47,2.59,1,0
2023-11-20 15:00:00,1,6.21,30.92,4.15,5.53,0,1
2023-11-17 15:00:00,1,0.59,55.01,3.51,1.59,0,0
2023-12-05 16:00:00,1,2.3,32.65,5.61,3.9,0,0
2023-12-04 17:00:00,1,2.75,29.32,10.96,1.42,0,0
2024-01-09 18:00:00,0,2.17,46.24,4.8,1.7,0,0
2024-01-19 01:00:00,0,4.93,64.33,4.1,2.37,-1,0
2024-01-29 09:00:00,0,6.67,71.25,3.52,4.84,0,0
2024-01-25 20:00:00,0,0.06,43.65,5.27,1.11,-2,0
2024-02-08 20:00:00,0,1.24,49.77,5.38,3.42,1,1
2024-02-21 17:00:00,1,1.51,43.61,3.11,1.29,0,0
2024-03-01 16:00:00,1,6.12,51.93,4.66,3.91,2,1
2024-04-05 04:00:00,1,1.68,36.55,9.06,1.5,0,1
2024-04-16 23:00:00,1,2.16,52.62,11.16,1.16,0,0
2024-04-24 16:00:00,0,2.29,49.34,6.37,1.12,0,0
2024-05-09 14:00:00,0,0.39,55.11,4.14,1.4,-1,0
2024-06-07 16:00:00,1,1.73,21.38,11.91,1.47,-3,0
2024-06-03 17:00:00,0,7.29,62.44,6.47,1.69,0,0
2024-06-21 17:00:00,1,3.01,30.15,7.22,1.61,-2,0
2024-06-28 13:00:00,0,0.16,72.06,4.15,2.07,0,0
2024-07-15 09:00:00,1,2.38,43.33,4.13,1.39,1,1
2024-07-18 22:00:00,1,3.86,29.9,6.66,2.27,-1,0
2024-07-30 06:00:00,0,6.88,52.41,5.98,1.18,-2,0
2024-08-05 14:00:00,1,3.38,27.23,15.48,2.87,-1,0
2024-08-21 17:00:00,1,4.08,37.29,6.89,1.07,0,1
2024-08-20 19:00:00,1,8.62,48.86,8.02,3.72,0,1
2024-09-06 19:00:00,1,0.66,27.25,8.71,2.29,0,0
2024-09-06 15:00:00,1,3.31,63.75,4.49,1.05,0,0
2024-10-04 15:00:00,1,0.58,32.63,5.75,1.9,0,0
2024-11-28 10:00:00,0,4.88,58.24,5.74,1.34,0,0
2024-12-02 02:00:00,1,7.62,35.77,7.7,3.96,0,0
2024-12-04 13:00:00,0,5.25,53.34,4.57,1.31,0,1
2024-12-09 01:00:00,0,2.42,53.23,7.55,2.04,0,1
2024-12-13 12:00:00,1,2.8,27.92,6.09,2.25,0,0
2024-12-27 14:00:00,0,5.39,45.21,4.46,1.27,0,1
2025-01-06 16:00:00,1,4.53,43.53,9.19,3.05,0,1
2025-01-06 09:00:00,1,4.51,27.81,4.91,1.58,0,1
2025-01-08 19:00:00,1,7.62,52.53,6.32,1.99,0,1
2025-01-13 19:00:00,1,1.49,29.32,7.14,1.15,0,1
2025-01-27 15:00:00,1,3.0,44.29,7.89,1.58,0,0
2025-01-31 22:00:00,1,2.85,55.1,7.84,2.56,0,0
2025-02-25 18:00:00,1,2.23,26.32,11.13,1.99,0,1
2025-03-04 22:00:00,0,7.72,61.52,10.12,2.03,0,1
2025-03-14 12:00:00,1,5.67,66.97,7.41,1.04,0,0
2025-03-26 11:00:00,1,1.01,47.38,5.24,1.68,0,1
2025-04-03 13:00:00,1,9.92,31.53,17.74,1.83,0,0
2025-04-04 05:00:00,1,10.51,40.53,18.08,2.15,0,0
2025-04-09 19:00:00,0,8.01,73.04,18.37,1.66,0,0
2025-04-22 15:00:00,1,17.06,48.4,22.63,2.55,0,0
2025-05-15 15:00:00,0,14.34,53.72,16.52,2.37,0,0
2025-07-11 03:00:00,0,3.73,61.54,7.62,1.62,0,0
2025-07-25 14:00:00,1,3.56,25.13,6.34,2.65,0,0
2025-08-07 08:00:00,1,3.18,51.68,6.54,1.49,0,1
2025-10-27 00:00:00,1,12.53,43.02,25.35,1.04,0,0
2025-11-20 01:00:00,0,8.64,56.97,21.68,2.17,0,1
2025-11-20 20:00:00,0,1.68,45.45,23.12,1.38,0,0
2025-12-03 18:00:00,1,1.75,45.52,15.73,1.07,0,0
2025-12-29 17:00:00,1,4.95,19.34,31.56,2.51,0,0
